model,feature_set,missing_strategy,mean_site_f2,mean_site_recall,worst_site_recall,mean_site_specificity,total_false_negatives,total_false_positives
Logistic regression,all_13,median_mode,0.8163699949591431,0.8395192995240678,0.7391304347826086,0.6598352778067134,64,121
Logistic regression,all_13,missing_indicator,0.8195306123088069,0.8255154727747818,0.8018018018018018,0.6499498380432249,72,82
Logistic regression,core_10,median_mode,0.8089978497891308,0.8223413826284561,0.7717391304347826,0.6400808295758369,72,104
Logistic regression,core_10,missing_indicator,0.7980864681295716,0.7960635914426716,0.7387387387387387,0.6751489357480518,82,77
Logistic regression,plus_slope_11,median_mode,0.8104352526545255,0.8273836344472263,0.7391304347826086,0.630827219651086,70,109
Logistic regression,plus_slope_11,missing_indicator,0.8036822133537767,0.8022826008851628,0.7747747747747747,0.6744842433171129,79,79
Random forest,all_13,median_mode,0.7989610963748894,0.8160839211702925,0.7065217391304348,0.6423920618858415,75,112
Random forest,all_13,missing_indicator,0.8289551533236352,0.8589626000572509,0.7717391304347826,0.6237031677058686,58,125
Random forest,core_10,median_mode,0.8180963804678466,0.8309235581543657,0.75,0.6499318566248505,69,98
Random forest,core_10,missing_indicator,0.8010079387677622,0.8063342629768353,0.75,0.6606636631497492,79,90
Random forest,plus_slope_11,median_mode,0.8207626649913625,0.842873743633963,0.75,0.6220057838162274,64,114
Random forest,plus_slope_11,missing_indicator,0.8336610602034027,0.8485031343493998,0.8135593220338984,0.6642205737188549,62,97
XGBoost,all_13,median_mode,0.7638329620932045,0.7696969949923047,0.6847826086956522,0.6598024152145121,94,104
XGBoost,all_13,missing_indicator,0.801343456716167,0.813523520703069,0.7288135593220338,0.6579084758205727,77,105
XGBoost,core_10,median_mode,0.7987453420905782,0.803380643420307,0.7391304347826086,0.6858853926397714,79,90
XGBoost,core_10,missing_indicator,0.7973884472174152,0.7952117355337044,0.7717391304347826,0.7096422565811991,83,77
XGBoost,plus_slope_11,median_mode,0.7985778582652565,0.8058566808387997,0.7282608695652174,0.6768478697599667,78,95
XGBoost,plus_slope_11,missing_indicator,0.812187867674818,0.8173216787162992,0.7711864406779662,0.6986779317152537,74,87
