model,feature_set,missing_strategy,held_out_site,n,positive_cases,precision,recall,specificity,f2,false_negatives,false_positives,true_positives,true_negatives
Logistic regression,core_10,median_mode,Cleveland,243,111,0.7054263565891473,0.8198198198198198,0.7121212121212122,0.794066317626527,20,38,91,94
Logistic regression,core_10,median_mode,Hungary,234,85,0.6347826086956522,0.8588235294117647,0.7181208053691275,0.8021978021978022,12,42,73,107
Logistic regression,core_10,median_mode,Switzerland,98,92,0.9726027397260274,0.7717391304347826,0.6666666666666666,0.8049886621315193,21,2,71,4
Logistic regression,core_10,median_mode,VA Long Beach,159,118,0.8181818181818182,0.8389830508474576,0.4634146341463415,0.8347386172006745,19,22,99,19
Logistic regression,core_10,missing_indicator,Cleveland,243,111,0.7735849056603774,0.7387387387387387,0.8181818181818182,0.7454545454545455,29,24,82,108
Logistic regression,core_10,missing_indicator,Hungary,234,85,0.7263157894736842,0.8117647058823529,0.825503355704698,0.7931034482758621,16,26,69,123
Logistic regression,core_10,missing_indicator,Switzerland,98,92,0.9722222222222222,0.7608695652173914,0.6666666666666666,0.7954545454545454,22,2,70,4
Logistic regression,core_10,missing_indicator,VA Long Beach,159,118,0.8046875,0.8728813559322034,0.3902439024390244,0.8583333333333333,15,25,103,16
Logistic regression,plus_slope_11,median_mode,Cleveland,243,111,0.6865671641791045,0.8288288288288288,0.6818181818181818,0.7958477508650519,19,42,92,90
Logistic regression,plus_slope_11,median_mode,Hungary,234,85,0.6386554621848739,0.8941176470588236,0.7114093959731543,0.8278867102396514,9,43,76,106
Logistic regression,plus_slope_11,median_mode,Switzerland,98,92,0.9714285714285714,0.7391304347826086,0.6666666666666666,0.776255707762557,24,2,68,4
Logistic regression,plus_slope_11,median_mode,VA Long Beach,159,118,0.819672131147541,0.847457627118644,0.4634146341463415,0.8417508417508418,18,22,100,19
Logistic regression,plus_slope_11,missing_indicator,Cleveland,243,111,0.7288135593220338,0.7747747747747747,0.7575757575757576,0.7651245551601423,25,32,86,100
Logistic regression,plus_slope_11,missing_indicator,Hungary,234,85,0.7586206896551724,0.7764705882352941,0.8590604026845637,0.7728337236533958,19,21,66,128
Logistic regression,plus_slope_11,missing_indicator,Switzerland,98,92,0.9733333333333334,0.7934782608695652,0.6666666666666666,0.8239277652370203,19,2,73,4
Logistic regression,plus_slope_11,missing_indicator,VA Long Beach,159,118,0.8095238095238095,0.864406779661017,0.4146341463414634,0.8528428093645485,16,24,102,17
Logistic regression,all_13,median_mode,Cleveland,243,111,0.6211180124223602,0.9009009009009009,0.5378787878787878,0.8264462809917356,11,61,100,71
Logistic regression,all_13,median_mode,Hungary,234,85,0.6491228070175439,0.8705882352941177,0.7315436241610739,0.8149779735682819,11,40,74,109
Logistic regression,all_13,median_mode,Switzerland,98,92,0.9855072463768116,0.7391304347826086,0.8333333333333334,0.7780320366132724,24,1,68,5
Logistic regression,all_13,median_mode,VA Long Beach,159,118,0.8403361344537815,0.847457627118644,0.5365853658536586,0.8460236886632826,18,19,100,22
Logistic regression,all_13,missing_indicator,Cleveland,243,111,0.8240740740740741,0.8018018018018018,0.8560606060606061,0.8061594202898551,22,19,89,113
Logistic regression,all_13,missing_indicator,Hungary,234,85,0.6521739130434783,0.8823529411764706,0.7315436241610739,0.8241758241758241,10,40,75,109
Logistic regression,all_13,missing_indicator,Switzerland,98,92,0.961038961038961,0.8043478260869565,0.5,0.8314606741573034,18,3,74,3
Logistic regression,all_13,missing_indicator,VA Long Beach,159,118,0.8275862068965517,0.8135593220338984,0.5121951219512195,0.8163265306122449,22,20,96,21
Random forest,core_10,median_mode,Cleveland,243,111,0.7022900763358778,0.8288288288288288,0.7045454545454546,0.8,19,39,92,93
Random forest,core_10,median_mode,Hungary,234,85,0.6875,0.9058823529411765,0.7651006711409396,0.8517699115044248,8,35,77,114
Random forest,core_10,median_mode,Switzerland,98,92,0.971830985915493,0.75,0.6666666666666666,0.785876993166287,23,2,69,4
Random forest,core_10,median_mode,VA Long Beach,159,118,0.8181818181818182,0.8389830508474576,0.4634146341463415,0.8347386172006745,19,22,99,19
Random forest,core_10,missing_indicator,Cleveland,243,111,0.7327586206896551,0.7657657657657657,0.7651515151515151,0.7589285714285714,26,31,85,101
Random forest,core_10,missing_indicator,Hungary,234,85,0.6851851851851852,0.8705882352941177,0.7718120805369127,0.8258928571428571,11,34,74,115
Random forest,core_10,missing_indicator,Switzerland,98,92,0.971830985915493,0.75,0.6666666666666666,0.785876993166287,23,2,69,4
Random forest,core_10,missing_indicator,VA Long Beach,159,118,0.8114754098360656,0.8389830508474576,0.43902439024390244,0.8333333333333334,19,23,99,18
Random forest,plus_slope_11,median_mode,Cleveland,243,111,0.6857142857142857,0.8648648648648649,0.6666666666666666,0.821917808219178,15,44,96,88
Random forest,plus_slope_11,median_mode,Hungary,234,85,0.6290322580645161,0.9176470588235294,0.6912751677852349,0.8405172413793104,7,46,78,103
Random forest,plus_slope_11,median_mode,Switzerland,98,92,0.971830985915493,0.75,0.6666666666666666,0.785876993166287,23,2,69,4
Random forest,plus_slope_11,median_mode,VA Long Beach,159,118,0.8181818181818182,0.8389830508474576,0.4634146341463415,0.8347386172006745,19,22,99,19
Random forest,plus_slope_11,missing_indicator,Cleveland,243,111,0.7,0.8828828828828829,0.6818181818181818,0.839041095890411,13,42,98,90
Random forest,plus_slope_11,missing_indicator,Hungary,234,85,0.6880733944954128,0.8823529411764706,0.7718120805369127,0.8351893095768375,10,34,75,115
Random forest,plus_slope_11,missing_indicator,Switzerland,98,92,0.974025974025974,0.8152173913043478,0.6666666666666666,0.8426966292134831,17,2,75,4
Random forest,plus_slope_11,missing_indicator,VA Long Beach,159,118,0.8347826086956521,0.8135593220338984,0.5365853658536586,0.817717206132879,22,19,96,22
Random forest,all_13,median_mode,Cleveland,243,111,0.6666666666666666,0.8468468468468469,0.6439393939393939,0.8034188034188035,17,47,94,85
Random forest,all_13,median_mode,Hungary,234,85,0.6311475409836066,0.9058823529411765,0.697986577181208,0.8333333333333334,8,45,77,104
Random forest,all_13,median_mode,Switzerland,98,92,0.9701492537313433,0.7065217391304348,0.6666666666666666,0.7471264367816092,27,2,65,4
Random forest,all_13,median_mode,VA Long Beach,159,118,0.8407079646017699,0.8050847457627118,0.5609756097560976,0.811965811965812,23,18,95,23
Random forest,all_13,missing_indicator,Cleveland,243,111,0.6535947712418301,0.9009009009009009,0.5984848484848485,0.8375209380234506,11,53,100,79
Random forest,all_13,missing_indicator,Hungary,234,85,0.6015037593984962,0.9411764705882353,0.6442953020134228,0.8456659619450317,5,53,80,96
Random forest,all_13,missing_indicator,Switzerland,98,92,0.9726027397260274,0.7717391304347826,0.6666666666666666,0.8049886621315193,21,2,71,4
Random forest,all_13,missing_indicator,VA Long Beach,159,118,0.8508771929824561,0.8220338983050848,0.5853658536585366,0.8276450511945392,21,17,97,24
XGBoost,core_10,median_mode,Cleveland,243,111,0.7131782945736435,0.8288288288288288,0.7196969696969697,0.8027923211169284,19,37,92,95
XGBoost,core_10,median_mode,Hungary,234,85,0.6730769230769231,0.8235294117647058,0.7718120805369127,0.7882882882882883,15,34,70,115
XGBoost,core_10,median_mode,Switzerland,98,92,0.9714285714285714,0.7391304347826086,0.6666666666666666,0.776255707762557,24,2,68,4
XGBoost,core_10,median_mode,VA Long Beach,159,118,0.8508771929824561,0.8220338983050848,0.5853658536585366,0.8276450511945392,21,17,97,24
XGBoost,core_10,missing_indicator,Cleveland,243,111,0.7565217391304347,0.7837837837837838,0.7878787878787878,0.778175313059034,24,28,87,104
XGBoost,core_10,missing_indicator,Hungary,234,85,0.696969696969697,0.8117647058823529,0.7986577181208053,0.785876993166287,16,30,69,119
XGBoost,core_10,missing_indicator,Switzerland,98,92,0.9726027397260274,0.7717391304347826,0.6666666666666666,0.8049886621315193,21,2,71,4
XGBoost,core_10,missing_indicator,VA Long Beach,159,118,0.8495575221238938,0.8135593220338984,0.5853658536585366,0.8205128205128205,22,17,96,24
XGBoost,plus_slope_11,median_mode,Cleveland,243,111,0.6992481203007519,0.8378378378378378,0.696969696969697,0.8058925476603119,18,40,93,92
XGBoost,plus_slope_11,median_mode,Hungary,234,85,0.6635514018691588,0.8352941176470589,0.7583892617449665,0.7941834451901566,14,36,71,113
XGBoost,plus_slope_11,median_mode,Switzerland,98,92,0.9710144927536232,0.7282608695652174,0.6666666666666666,0.7665903890160183,25,2,67,4
XGBoost,plus_slope_11,median_mode,VA Long Beach,159,118,0.8508771929824561,0.8220338983050848,0.5853658536585366,0.8276450511945392,21,17,97,24
XGBoost,plus_slope_11,missing_indicator,Cleveland,243,111,0.7,0.8828828828828829,0.6818181818181818,0.839041095890411,13,42,98,90
XGBoost,plus_slope_11,missing_indicator,Hungary,234,85,0.7083333333333334,0.8,0.8120805369127517,0.7798165137614679,17,28,68,121
XGBoost,plus_slope_11,missing_indicator,Switzerland,98,92,0.974025974025974,0.8152173913043478,0.6666666666666666,0.8426966292134831,17,2,75,4
XGBoost,plus_slope_11,missing_indicator,VA Long Beach,159,118,0.8584905660377359,0.7711864406779662,0.6341463414634146,0.78719723183391,27,15,91,26
XGBoost,all_13,median_mode,Cleveland,243,111,0.6573426573426573,0.8468468468468469,0.6287878787878788,0.8006814310051107,17,49,94,83
XGBoost,all_13,median_mode,Hungary,234,85,0.6635514018691588,0.8352941176470589,0.7583892617449665,0.7941834451901566,14,36,71,113
XGBoost,all_13,median_mode,Switzerland,98,92,0.9692307692307692,0.6847826086956522,0.6666666666666666,0.7274826789838337,29,2,63,4
XGBoost,all_13,median_mode,VA Long Beach,159,118,0.8316831683168316,0.711864406779661,0.5853658536585366,0.7329842931937173,34,17,84,24
XGBoost,all_13,missing_indicator,Cleveland,243,111,0.6598639455782312,0.8738738738738738,0.6212121212121212,0.8206429780033841,14,50,97,82
XGBoost,all_13,missing_indicator,Hungary,234,85,0.6666666666666666,0.8470588235294118,0.7583892617449665,0.8035714285714286,13,36,72,113
XGBoost,all_13,missing_indicator,Switzerland,98,92,0.9736842105263158,0.8043478260869565,0.6666666666666666,0.8333333333333334,18,2,74,4
XGBoost,all_13,missing_indicator,VA Long Beach,159,118,0.8349514563106796,0.7288135593220338,0.5853658536585366,0.7478260869565218,32,17,86,24
